product_id,dates,price,product_tag,sales,city,user_id
4486,01/03/2013,324.91,Electronics,62,New York,23161
6870,21/03/2013,230.79,Furniture,17,New York,91494
4345,28/11/2013,201.04,Toys,78,New York,72785
5261,31/08/2013,316.83,Toys,18,Chicago,49236
6052,07/01/2013,392.3,Toys,38,Phoenix,41406
8941,26/06/2013,22.32,Clothing,55,Los Angeles,96064
6997,07/05/2013,216.51,Furniture,84,Los Angeles,99131
2365,08/10/2013,226.13,Furniture,57,Houston,45450
3192,23/03/2013,485.66,Clothing,74,New York,77600
2663,29/01/2013,113.76,Toys,11,Phoenix,29385
1009,24/12/2013,202.56,Toys,16,Chicago,36183
6276,28/07/2013,196.65,Furniture,27,Houston,82635
1249,31/08/2013,314.46,Clothing,30,Phoenix,57631
5243,18/02/2013,279.07,Toys,28,Los Angeles,58784
7514,11/12/2013,369.67,Toys,90,Chicago,73044
3674,16/08/2013,375.47,Furniture,47,Phoenix,75242
4170,22/05/2013,489.41,Electronics,37,Chicago,27199
3243,26/11/2013,369.94,Electronics,11,New York,94181
1232,05/06/2013,302.2,Clothing,34,New York,22716
6625,29/08/2013,311.34,Clothing,64,Chicago,70241
5910,10/12/2013,168.28,Electronics,83,Los Angeles,95092
6535,11/02/2013,168.52,Clothing,22,New York,10153
1512,25/06/2013,370.4,Electronics,99,Houston,93600
9905,27/01/2013,91.36,Books,32,Los Angeles,36331
9120,31/12/2013,445.8,Electronics,37,Chicago,82903
1098,01/06/2013,217.91,Electronics,45,Houston,35739
9110,11/02/2013,85.36,Clothing,35,New York,17382
5524,26/05/2013,357.95,Toys,67,Phoenix,30316
3116,09/12/2013,343.57,Toys,25,Los Angeles,38948
9766,08/11/2013,173.37,Books,77,Chicago,80601
6315,23/12/2013,98.85,Books,15,Phoenix,73217
2306,23/10/2013,313.55,Toys,28,Houston,78244
4636,25/03/2013,73.14,Books,47,New York,27718
7731,24/08/2013,473.85,Toys,9,New York,61028
2081,12/11/2013,69.96,Books,71,Houston,50325
3911,05/12/2013,471.99,Toys,40,Phoenix,49779
8350,19/09/2013,474.57,Furniture,65,New York,29751
3779,02/01/2013,292.85,Books,76,Phoenix,38333
1793,12/02/2013,38.29,Electronics,30,New York,53730
5297,20/10/2013,487.34,Books,50,Chicago,86290
7614,09/01/2013,377.28,Furniture,17,Houston,74952
3454,16/03/2013,79.23,Furniture,21,New York,96654
6801,06/11/2013,146.17,Furniture,31,Phoenix,10882
4701,03/06/2013,319.72,Books,93,New York,53333
8455,11/01/2013,374.28,Clothing,96,Chicago,29324
4420,06/03/2013,276.57,Furniture,15,Chicago,44565
8196,27/01/2013,299.79,Furniture,7,Los Angeles,61024
3193,26/12/2013,434.53,Toys,24,Chicago,96704
1728,20/12/2013,52.35,Toys,45,Houston,56330
6951,10/03/2013,270.64,Books,69,Los Angeles,94685
7819,29/03/2013,134.62,Furniture,81,Phoenix,44765
2120,12/04/2013,83.76,Clothing,22,Houston,21620
4354,01/10/2013,303.28,Furniture,42,Chicago,91163
7042,02/04/2013,215.86,Books,42,Chicago,99254
8849,20/02/2013,206.58,Clothing,94,Houston,90356
2899,19/03/2013,44.27,Clothing,7,Los Angeles,45897
6989,14/11/2013,200.98,Furniture,76,Houston,70408
2685,15/12/2013,226.93,Furniture,90,Chicago,21962
8158,01/12/2013,61.63,Toys,20,Phoenix,94633
2342,24/04/2013,263.45,Furniture,3,Houston,24266
2895,15/11/2013,177.77,Clothing,49,New York,68232
4843,22/08/2013,157.42,Books,35,Houston,69470
1928,06/12/2013,67.65,Clothing,99,Phoenix,67913
9155,28/02/2013,121.21,Furniture,66,Los Angeles,20681
5158,09/01/2013,43.57,Furniture,20,Los Angeles,45919
9472,05/05/2013,74.53,Clothing,92,New York,75184
6115,03/04/2013,420.69,Electronics,92,New York,29423
9389,06/11/2013,420.89,Toys,17,Houston,52982
5887,07/06/2013,258.35,Toys,8,Houston,45333
6029,16/08/2013,372.47,Electronics,11,Los Angeles,12637
7938,02/06/2013,244.88,Electronics,49,New York,10992
6334,24/06/2013,379.51,Electronics,87,Los Angeles,77334
8026,03/06/2013,372.25,Electronics,27,Chicago,84160
8673,16/12/2013,367.63,Electronics,45,Phoenix,86050
6854,20/10/2013,55.02,Electronics,60,New York,32469
4394,10/12/2013,366.69,Books,93,Phoenix,46110
5530,30/05/2013,367.82,Toys,21,Chicago,90691
9433,26/11/2013,195.45,Electronics,70,Houston,15529
6713,26/04/2013,25.25,Clothing,38,Chicago,35494
9096,28/02/2013,88.82,Toys,38,Houston,82201
6569,06/04/2013,350.28,Books,37,New York,11168
7863,30/12/2013,135.95,Furniture,71,New York,58128
2060,25/12/2013,440.84,Clothing,32,Houston,80726
8916,07/10/2013,396.07,Books,77,Chicago,30028
7971,06/08/2013,409.41,Toys,69,New York,13203
2852,27/04/2013,365.34,Books,63,Phoenix,21831
7016,20/10/2013,117.44,Clothing,29,Houston,24116
6240,12/11/2013,242.4,Books,1,Phoenix,51115
8641,17/04/2013,416.5,Clothing,60,Chicago,36128
7002,26/06/2013,15.41,Books,87,Phoenix,80268
4147,19/11/2013,97.34,Toys,13,Chicago,40077
3143,10/08/2013,81.03,Clothing,17,Phoenix,97453
2810,25/05/2013,105.96,Clothing,11,Houston,42152
6423,27/03/2013,375.64,Electronics,40,Los Angeles,54264
8489,26/10/2013,205.69,Furniture,35,Chicago,60901
1412,17/01/2013,179.5,Electronics,22,Los Angeles,21154
8943,08/09/2013,208.08,Furniture,5,Chicago,63144
6892,23/08/2013,201.61,Clothing,35,Chicago,22861
8869,22/02/2013,129.39,Clothing,56,Los Angeles,13114
2604,17/03/2013,59.62,Toys,73,Phoenix,45362
3878,14/01/2013,273.13,Electronics,22,Los Angeles,89790
7966,03/05/2013,364.47,Clothing,13,Houston,85057
5021,12/05/2013,486.05,Books,99,Los Angeles,39113
7893,03/02/2013,265.18,Books,53,Chicago,15499
8239,28/10/2013,491.08,Books,66,Chicago,65963
5858,29/04/2013,43.49,Clothing,62,Phoenix,18605
4376,13/03/2013,346.56,Books,56,Chicago,65044
2205,28/04/2013,43.82,Electronics,63,New York,83282
8392,23/10/2013,215.1,Electronics,87,Houston,47394
6959,20/11/2013,460.18,Toys,99,Houston,87095
6977,23/06/2013,310.6,Electronics,93,Chicago,20763
2994,16/05/2013,199.08,Electronics,15,Chicago,41213
3717,11/12/2013,81.15,Clothing,29,Los Angeles,85515
3060,12/07/2013,31.94,Electronics,28,Los Angeles,31411
7736,03/09/2013,291.55,Furniture,67,Chicago,98095
4267,15/02/2013,428.01,Toys,41,Chicago,25577
8777,12/01/2013,140.35,Electronics,86,Phoenix,40699
5422,19/02/2013,59.46,Toys,23,New York,63997
9647,12/11/2013,26.36,Toys,6,Houston,92018
1569,17/07/2013,249.31,Books,39,New York,56233
4228,03/06/2013,454.4,Books,18,Los Angeles,21267
3082,15/09/2013,395.69,Toys,59,Los Angeles,60717
7190,14/11/2013,229.26,Clothing,76,Chicago,43461
6895,21/05/2013,64.3,Books,64,Houston,14994
3961,07/07/2013,262.18,Clothing,56,Chicago,97968
4330,05/04/2013,195.72,Electronics,68,Houston,81051
8891,19/12/2013,223.4,Furniture,63,Los Angeles,14951
3786,15/03/2013,202.79,Furniture,54,Houston,88840
6765,30/03/2013,184.53,Electronics,96,Phoenix,75185
1224,06/05/2013,299.24,Electronics,13,New York,64205
6124,16/04/2013,47.77,Furniture,34,Houston,78143
2065,14/03/2013,191.49,Books,4,Phoenix,16523
6600,29/10/2013,200.44,Toys,11,Los Angeles,78367
6232,29/04/2013,295.8,Electronics,37,Chicago,78369
5268,19/02/2013,187.92,Electronics,85,Los Angeles,79444
8989,14/07/2013,490.81,Toys,79,New York,73656
6116,25/09/2013,123.95,Furniture,25,Los Angeles,41376
7287,16/01/2013,227.2,Clothing,26,Phoenix,48799
3747,02/04/2013,178.34,Electronics,96,Los Angeles,15269
7331,28/02/2013,40.92,Books,97,Los Angeles,45398
6486,27/05/2013,294.43,Electronics,33,Phoenix,59699
4987,04/01/2013,480.31,Books,37,Phoenix,52919
6811,22/11/2013,149.6,Books,54,Phoenix,83568
1699,07/06/2013,376.61,Clothing,40,Phoenix,70038
4719,02/06/2013,74.86,Toys,73,New York,16743
8147,22/07/2013,285.73,Toys,48,Houston,13127
4744,18/12/2013,23.44,Toys,92,New York,39777
7944,30/12/2013,135.15,Books,35,New York,36905
3824,26/01/2013,13.29,Electronics,24,New York,45208
8992,19/09/2013,193.88,Clothing,40,Phoenix,78619
8901,09/08/2013,68.92,Furniture,85,Phoenix,75938
4581,27/08/2013,208.35,Furniture,18,Houston,83591
7704,09/03/2013,12.98,Furniture,30,New York,64362
9306,22/10/2013,423.95,Toys,62,Los Angeles,34918
8112,17/12/2013,24.97,Books,57,Los Angeles,21814
2365,12/07/2013,53.53,Electronics,59,Chicago,13659
8343,28/05/2013,407.76,Electronics,87,New York,11936
1671,09/02/2013,143.07,Electronics,72,Phoenix,13626
1995,13/09/2013,19.81,Toys,48,Phoenix,66633
3645,22/09/2013,157.24,Toys,77,Phoenix,99941
3871,31/03/2013,91.89,Electronics,31,Phoenix,79351
3472,20/10/2013,212.21,Furniture,6,Chicago,59355
2252,27/10/2013,414.02,Clothing,79,Phoenix,37043
7996,23/03/2013,46.38,Electronics,46,New York,43635
2970,10/12/2013,130.98,Books,43,Phoenix,80134
5892,01/08/2013,332.82,Furniture,40,Los Angeles,83690
4863,10/12/2013,381.51,Toys,13,Houston,44409
7090,31/08/2013,396.51,Books,51,New York,40270
1537,26/11/2013,441.11,Furniture,92,New York,40825
8206,15/12/2013,373.44,Toys,22,Los Angeles,53965
6177,18/09/2013,321.88,Clothing,77,Chicago,11269
5491,20/03/2013,432.37,Toys,43,Phoenix,34904
6134,27/04/2013,78.21,Furniture,55,Chicago,37160
8186,10/03/2013,433.07,Furniture,46,Phoenix,72515
3156,08/02/2013,489.25,Electronics,83,New York,12892
9308,04/05/2013,350.75,Clothing,73,Los Angeles,40251
4446,15/08/2013,248.15,Clothing,94,Chicago,91149
9754,26/09/2013,31.43,Toys,17,New York,11299
7283,04/11/2013,198.28,Toys,58,New York,74341
5164,19/02/2013,478.35,Clothing,53,Los Angeles,34660
9924,25/03/2013,18.79,Clothing,52,Chicago,39087
1137,24/01/2013,117.91,Electronics,89,New York,88975
4343,12/08/2013,369.47,Clothing,68,Phoenix,83620
5186,20/03/2013,283.33,Toys,97,New York,65648
1077,18/06/2013,82.06,Clothing,69,Los Angeles,97736
6592,29/05/2013,247.45,Clothing,98,Houston,93658
5465,14/08/2013,35.87,Furniture,40,New York,40935
3838,24/11/2013,491.16,Toys,76,Chicago,94523
9393,18/04/2013,437.3,Books,47,New York,20024
2062,09/11/2013,363.48,Books,27,Chicago,21182
1536,29/08/2013,369.2,Clothing,4,Phoenix,98416
9567,29/10/2013,422.44,Electronics,8,Chicago,84755
9017,27/12/2013,439.86,Books,47,Phoenix,82107
2734,21/09/2013,406.35,Furniture,20,Phoenix,66207
5061,15/10/2013,61.79,Clothing,36,New York,88683
7833,10/07/2013,34.42,Furniture,80,New York,23543
4769,02/03/2013,422.57,Furniture,57,New York,26121
2802,23/05/2013,230.56,Books,77,Phoenix,75679
1384,27/06/2013,328.88,Clothing,27,Los Angeles,13491
1064,28/07/2013,127.14,Electronics,12,Los Angeles,21360
5658,29/03/2013,338.11,Electronics,27,Phoenix,86276
4072,15/02/2013,188.21,Books,86,Los Angeles,37105
1666,25/08/2013,485.68,Electronics,90,Houston,59597
4584,16/11/2013,413.25,Furniture,38,Los Angeles,47045
4391,31/10/2013,488.95,Electronics,18,Los Angeles,16378
9989,23/06/2013,331.09,Clothing,88,New York,12429
1854,03/06/2013,482.27,Toys,21,Houston,50718
1126,04/10/2013,187.51,Electronics,75,Houston,78931
5330,22/01/2013,71.86,Books,30,New York,21618
4490,30/10/2013,397.94,Toys,43,New York,17367
8892,08/12/2013,55.54,Electronics,29,New York,59768
6864,13/06/2013,220.87,Electronics,63,Phoenix,88518
4368,06/06/2013,405.23,Furniture,81,Phoenix,13832
1235,24/11/2013,425.1,Furniture,45,Chicago,61588
7241,08/11/2013,439.85,Toys,70,Los Angeles,25366
5146,29/08/2013,380.57,Clothing,95,Los Angeles,12567
5854,19/12/2013,220.3,Toys,86,Chicago,39992
2218,29/07/2013,448.95,Toys,95,Chicago,93400
9554,17/04/2013,261.32,Books,78,Houston,76490
1523,30/11/2013,240.12,Toys,56,New York,79711
2409,21/02/2013,439.8,Furniture,82,Phoenix,20358
1918,14/07/2013,24.54,Books,17,Los Angeles,32486
9533,13/12/2013,292.75,Furniture,47,Los Angeles,50828
2585,23/03/2013,93.53,Clothing,63,Chicago,50544
4756,31/10/2013,183.2,Clothing,83,Chicago,67042
6390,11/05/2013,322.6,Books,11,Los Angeles,73143
1133,09/01/2013,166.64,Furniture,88,New York,82778
5142,19/11/2013,259.95,Electronics,39,New York,28667
7166,29/10/2013,26.89,Electronics,98,New York,79093
7530,15/01/2013,368.99,Toys,50,Los Angeles,10877
1004,25/11/2013,24.24,Toys,40,New York,68095
6083,10/06/2013,20.79,Books,64,New York,70390
6588,26/01/2013,377.15,Electronics,94,Chicago,53790
5964,21/03/2013,65.34,Electronics,56,Phoenix,50563
2528,29/10/2013,300.48,Clothing,53,Houston,67233
8734,15/10/2013,323.68,Toys,22,Houston,68565
5199,13/04/2013,211.94,Electronics,46,Houston,61658
6975,26/01/2013,406.5,Clothing,17,New York,91132
1659,07/11/2013,431.19,Toys,50,Chicago,97347
1574,27/06/2013,240.46,Electronics,55,Los Angeles,11674
6191,15/10/2013,135.87,Electronics,79,Los Angeles,33065
6759,19/07/2013,392.77,Electronics,56,Houston,25896
9691,07/10/2013,105.85,Clothing,8,Los Angeles,66463
9915,31/05/2013,432.25,Furniture,36,Chicago,72559
1784,17/09/2013,222.56,Clothing,64,Los Angeles,13240
1206,28/03/2013,307.12,Electronics,32,Los Angeles,77657
9808,12/08/2013,141.39,Electronics,52,Chicago,51136
3062,25/04/2013,179.7,Books,20,Chicago,33760
6258,25/12/2013,89.26,Books,61,Chicago,26075
7102,12/07/2013,379.06,Furniture,11,Houston,22665
3027,25/08/2013,471.77,Toys,91,Chicago,24130
1768,18/02/2013,153.33,Toys,19,Phoenix,56705
9195,05/08/2013,405.93,Electronics,48,Houston,60251
3371,12/01/2013,300.58,Toys,23,Los Angeles,64800
8390,28/02/2013,37.51,Furniture,59,Phoenix,24249
3368,18/09/2013,266.84,Toys,99,New York,18521
4141,27/01/2013,145.46,Books,65,Chicago,41390
4876,28/09/2013,306.82,Books,10,New York,55528
6109,30/11/2013,227.29,Furniture,86,New York,23731
7265,11/06/2013,38.64,Electronics,81,Houston,90859
6126,30/10/2013,270.48,Electronics,62,Chicago,97475
8186,29/07/2013,490.45,Clothing,28,Houston,14763
9996,22/11/2013,113.87,Electronics,54,Phoenix,98177
8996,29/01/2013,90.21,Clothing,98,Los Angeles,87355
2693,19/06/2013,303.69,Books,90,New York,41624
2202,01/08/2013,415.14,Clothing,4,Phoenix,43477
7469,06/12/2013,275.84,Clothing,32,Houston,98442
8004,25/04/2013,322.4,Toys,96,New York,95844
6565,12/01/2013,486.66,Clothing,48,Phoenix,54980
9130,05/07/2013,253.12,Furniture,62,Houston,48968
7541,16/03/2013,437.35,Clothing,74,Phoenix,64633
8408,17/06/2013,244.33,Books,10,New York,42167
7898,28/09/2013,279.17,Electronics,87,Chicago,55772
5496,10/06/2013,167.89,Clothing,57,Chicago,98150
7588,03/04/2013,449.51,Toys,43,Houston,90171
9322,27/06/2013,341.16,Furniture,12,Phoenix,71304
2986,21/03/2013,60.05,Clothing,79,New York,84797
8449,03/05/2013,186.59,Clothing,26,Los Angeles,49385
6463,09/02/2013,147.05,Electronics,31,Chicago,15801
2063,30/06/2013,350.49,Toys,81,New York,52907
8714,21/08/2013,423.43,Toys,80,New York,81101
7316,21/10/2013,48.03,Toys,99,Chicago,76606
5433,08/04/2013,393.42,Clothing,27,Phoenix,30045
9319,20/05/2013,62.89,Toys,94,Phoenix,68754
7616,26/01/2013,230.8,Electronics,49,Houston,13228
5143,19/08/2013,428.53,Books,40,Phoenix,89557
9311,09/02/2013,21.24,Furniture,85,Chicago,56501
6073,01/03/2013,252.3,Toys,15,New York,59156
7295,11/11/2013,485.67,Furniture,81,Phoenix,78546
8973,05/02/2013,398.76,Books,90,Los Angeles,42940
8970,12/03/2013,411.7,Furniture,60,Los Angeles,77084
1846,27/06/2013,207.91,Toys,65,Chicago,27929
1953,21/01/2013,377.86,Furniture,1,Houston,37200
1698,30/04/2013,277.1,Clothing,39,Los Angeles,37594
9932,14/08/2013,83.01,Electronics,80,Houston,17868
9082,11/07/2013,275.85,Electronics,16,Houston,57588
2854,18/03/2013,25.09,Toys,18,Los Angeles,18418
1417,12/01/2013,220.15,Toys,69,Chicago,41625
5426,24/02/2013,144.52,Clothing,2,Chicago,59737
2853,16/10/2013,425.53,Furniture,32,New York,84462
1823,24/08/2013,429.87,Books,49,Houston,61567
8164,07/07/2013,126.02,Furniture,42,Los Angeles,97759
8651,14/08/2013,152.39,Electronics,21,New York,78580
6726,08/02/2013,27.78,Clothing,59,Los Angeles,50701
7986,10/06/2013,373.08,Clothing,44,Los Angeles,31120
2625,25/10/2013,269,Books,2,Phoenix,13407
2148,04/12/2013,256,Books,53,New York,86411
5835,06/11/2013,52.72,Books,28,Houston,21332
4072,02/01/2013,135.46,Furniture,16,Los Angeles,61638
8575,24/09/2013,451.64,Electronics,52,Houston,15629
1009,25/12/2013,344.02,Clothing,76,New York,47335
5748,18/07/2013,449.62,Electronics,85,Phoenix,29187
6320,21/07/2013,103.72,Electronics,40,Houston,94335
7376,14/01/2013,127.04,Electronics,85,Phoenix,89380
2571,15/11/2013,315.97,Electronics,1,New York,96072
8357,05/10/2013,103.68,Toys,58,Phoenix,90908
7197,03/08/2013,471.73,Books,84,Chicago,81091
8079,29/01/2013,61.03,Toys,81,Chicago,84205
1364,18/09/2013,410.17,Books,99,Phoenix,54354
6534,16/02/2013,442.41,Books,66,Chicago,14582
9006,14/01/2013,259.76,Furniture,43,Chicago,20313
1663,08/04/2013,312.85,Furniture,4,Houston,77684
4009,14/08/2013,84.27,Books,86,Chicago,39709
5780,07/07/2013,483.46,Books,87,New York,50633
7767,21/11/2013,322.56,Electronics,7,Los Angeles,97318
2191,27/05/2013,148.39,Furniture,80,Chicago,98559
6691,30/04/2013,10.92,Furniture,18,Houston,20492
2062,09/04/2013,184.43,Electronics,40,Phoenix,87129
8240,21/11/2013,315.03,Books,52,Phoenix,31395
3693,30/06/2013,199.37,Clothing,83,Los Angeles,33345
5777,10/04/2013,11.43,Electronics,94,Houston,64144
6596,04/03/2013,441.91,Clothing,2,New York,87534
1302,25/05/2013,236.8,Furniture,42,Los Angeles,68560
1716,28/12/2013,72.45,Furniture,4,Chicago,87654
8270,24/02/2013,122.82,Books,10,New York,10060
2841,14/08/2013,162.36,Clothing,96,Chicago,38885
7981,25/10/2013,454.62,Electronics,58,Los Angeles,53226
7316,02/08/2013,69.99,Clothing,66,Chicago,38742
6742,18/07/2013,341.92,Toys,41,Los Angeles,46018
4709,30/06/2013,258.46,Toys,23,Phoenix,14379
5980,02/02/2013,115.88,Books,82,Phoenix,81695
6878,11/12/2013,223.24,Books,67,Los Angeles,51302
2707,02/03/2013,102.95,Electronics,54,Houston,23016
7892,02/05/2013,468.86,Furniture,43,Houston,36619
5452,17/06/2013,297.37,Toys,72,Los Angeles,61482
5380,29/12/2013,148.55,Furniture,10,Chicago,73221
7190,24/07/2013,331.51,Clothing,6,New York,98741
6779,22/11/2013,238.72,Electronics,28,New York,86311
7184,03/06/2013,204.62,Toys,15,Los Angeles,81376
6031,16/12/2013,383.67,Books,16,Los Angeles,89955
3327,21/06/2013,140.27,Toys,15,Chicago,21049
4444,23/09/2013,165.29,Books,10,Los Angeles,95042
3891,13/05/2013,303.57,Books,74,New York,58773
1878,21/07/2013,308.16,Clothing,2,New York,93123
2816,06/07/2013,345.8,Clothing,56,Phoenix,73580
4157,12/07/2013,305.25,Electronics,20,Houston,39968
5014,03/03/2013,309.85,Furniture,36,New York,18738
9945,22/12/2013,145.05,Electronics,49,Phoenix,16727
5495,03/08/2013,418.01,Toys,62,Chicago,39063
6575,22/10/2013,393.52,Books,51,Phoenix,67196
4373,23/03/2013,145.1,Electronics,76,Houston,61287
8312,10/06/2013,372.44,Furniture,48,Phoenix,67104
6450,09/10/2013,103.97,Furniture,24,Los Angeles,71607
6104,01/12/2013,489.98,Toys,77,Los Angeles,87209
5737,20/07/2013,199.67,Books,75,Phoenix,66398
4005,06/04/2013,417.61,Electronics,13,Chicago,59589
2460,04/02/2013,78.05,Electronics,17,New York,27106
3811,30/10/2013,202.27,Electronics,33,Phoenix,67204
6188,25/08/2013,109.44,Clothing,90,Los Angeles,12779
8804,08/06/2013,227.62,Books,6,Houston,57761
7528,17/01/2013,397.27,Clothing,41,New York,62057
7677,28/03/2013,306,Furniture,95,Phoenix,14025
7776,11/01/2013,155.7,Clothing,69,Houston,75425
6791,14/04/2013,313.28,Electronics,74,New York,52137
1466,28/03/2013,79.47,Clothing,90,Phoenix,22352
4086,03/10/2013,340.56,Clothing,72,Chicago,51662
8266,14/05/2013,57.81,Toys,13,Chicago,97227
9571,03/08/2013,67.65,Toys,54,Los Angeles,45929
1984,27/04/2013,251.05,Books,41,Chicago,68535
7038,27/03/2013,260.72,Books,4,New York,77038
5973,28/10/2013,450.46,Electronics,48,Chicago,25116
6530,20/08/2013,140.04,Electronics,21,Los Angeles,89401
1117,04/07/2013,410.19,Furniture,61,Phoenix,29156
6592,08/06/2013,43.67,Electronics,80,New York,81216
4108,27/09/2013,403.04,Books,22,Houston,57914
5146,21/02/2013,305.04,Electronics,45,Phoenix,64512
8241,02/04/2013,284.49,Furniture,54,New York,70101
6915,03/11/2013,188.75,Electronics,48,Chicago,63364
3065,24/06/2013,206.64,Clothing,52,Phoenix,95781
2733,17/07/2013,66.71,Toys,14,Phoenix,68123
1197,02/10/2013,83.13,Books,47,Chicago,57691
3612,10/06/2013,497.79,Furniture,84,Los Angeles,59178
5188,18/01/2013,138.71,Books,77,Phoenix,49132
5488,17/03/2013,163.73,Books,96,Houston,82394
4324,18/03/2013,134.45,Clothing,4,Chicago,32821
7873,29/04/2013,242.69,Books,5,Phoenix,61880
7303,30/06/2013,469.3,Furniture,28,Phoenix,97838
6988,31/12/2013,278.68,Books,20,New York,96807
4596,01/11/2013,335.99,Furniture,58,Houston,18949
5926,30/05/2013,279,Books,55,Phoenix,19589
3047,07/04/2013,189.81,Books,45,Los Angeles,86427
8400,27/09/2013,207.95,Clothing,61,Chicago,20828
2531,25/07/2013,401.31,Furniture,54,Phoenix,94585
5849,15/12/2013,92.74,Books,40,Phoenix,21957
2460,21/04/2013,195.96,Clothing,53,Phoenix,68097
4266,11/05/2013,395.51,Furniture,39,New York,47879
4797,27/08/2013,243.48,Furniture,64,New York,42332
5777,03/01/2013,392.4,Electronics,22,New York,19327
8555,30/10/2013,217.12,Furniture,70,Los Angeles,95711
7313,14/09/2013,201.46,Toys,9,Phoenix,49148
8494,01/10/2013,56.08,Books,27,Houston,88012
9795,02/10/2013,448.28,Books,85,Los Angeles,73749
9434,12/01/2013,495.72,Clothing,63,Los Angeles,69643
8022,08/02/2013,279.55,Books,19,Chicago,83805
6287,07/11/2013,383.33,Toys,96,Phoenix,60577
3593,20/10/2013,241.76,Clothing,31,New York,13443
4818,27/04/2013,237.57,Furniture,93,Houston,25032
3635,27/05/2013,61.58,Toys,80,Phoenix,90280
2324,27/07/2013,381.17,Furniture,12,Houston,82015
5079,12/08/2013,395.98,Furniture,97,Chicago,40225
5555,23/02/2013,453.71,Books,38,Chicago,53459
7493,21/04/2013,299.53,Clothing,55,Phoenix,93732
4636,12/10/2013,395.62,Books,55,Houston,85148
1667,02/08/2013,329.32,Toys,58,Phoenix,87814
1825,04/06/2013,32.79,Electronics,31,Los Angeles,95155
8560,25/06/2013,414.31,Furniture,38,Chicago,25734
3695,08/10/2013,437.93,Furniture,96,Phoenix,24271
8629,10/08/2013,371.22,Electronics,6,Houston,36655
1770,27/05/2013,317.84,Electronics,21,New York,69342
3205,24/08/2013,496.28,Books,50,Houston,55178
3975,02/06/2013,166.83,Furniture,23,Los Angeles,44178
1830,25/01/2013,167.83,Electronics,82,Phoenix,97333
7799,14/07/2013,354.44,Toys,9,Houston,21283
6644,30/08/2013,474.05,Books,23,Chicago,64530
1301,26/06/2013,321.67,Books,84,Chicago,99242
7949,17/11/2013,365.01,Clothing,18,Houston,95382
9004,12/04/2013,326.58,Furniture,76,Chicago,10786
2931,31/03/2013,264.95,Clothing,83,New York,52429
3336,21/12/2013,111.58,Books,84,Los Angeles,40111
9175,14/11/2013,10.09,Books,15,Phoenix,25728
4170,07/01/2013,259.2,Books,29,New York,50096
3745,17/03/2013,441.11,Books,83,Chicago,66574
5944,13/03/2013,346.83,Toys,90,Chicago,24799
7881,06/02/2013,303.42,Books,88,Los Angeles,43132
3105,15/06/2013,494.32,Furniture,49,Chicago,52025
7132,30/08/2013,310.75,Toys,97,Phoenix,90730
5976,12/01/2013,352.66,Clothing,1,Chicago,71646
4510,08/02/2013,318.36,Electronics,65,Los Angeles,22379
4177,28/11/2013,141.21,Furniture,23,New York,54921
6449,08/08/2013,267.37,Electronics,75,Phoenix,73879
1924,13/08/2013,371.65,Toys,72,New York,31673
6788,23/05/2013,125.17,Toys,83,Los Angeles,18061
8421,02/12/2013,297.05,Clothing,39,Los Angeles,52281
1698,31/12/2013,96.67,Furniture,87,Chicago,87004
7015,15/12/2013,244.35,Clothing,81,Phoenix,93521
4419,25/01/2013,421.34,Books,89,Los Angeles,53158
5612,03/01/2013,169.65,Electronics,3,Phoenix,21826
8043,08/06/2013,133.63,Books,10,Los Angeles,44235
4672,09/02/2013,402.67,Electronics,55,Chicago,73753
3738,13/05/2013,13.44,Electronics,72,New York,98992
9684,08/05/2013,121.41,Toys,38,Los Angeles,14321
8035,27/01/2013,165.59,Toys,99,Los Angeles,96442
8418,23/05/2013,45.61,Toys,25,Phoenix,70654
6299,02/08/2013,469.17,Electronics,13,New York,61742
7617,19/09/2013,490.03,Books,95,Phoenix,10755
8385,03/02/2013,290.79,Furniture,31,Los Angeles,58639
2484,09/11/2013,476.87,Clothing,3,Los Angeles,29572
4913,31/01/2013,462.09,Clothing,78,Phoenix,96450
6301,08/01/2013,229.33,Books,17,Houston,76543
3914,20/11/2013,484,Electronics,46,Los Angeles,78199
3427,04/06/2013,452.92,Clothing,22,Phoenix,32785
7278,19/04/2013,317.7,Electronics,13,Los Angeles,79101
4417,24/05/2013,323.7,Clothing,42,Los Angeles,87994
4561,04/01/2013,255.56,Electronics,95,New York,92203
7457,25/05/2013,198.83,Books,98,Los Angeles,77081
8311,30/08/2013,113.45,Clothing,47,Houston,34624
7024,17/10/2013,233.43,Clothing,21,Los Angeles,48672
3872,26/05/2013,162.83,Toys,75,Chicago,85118
4925,19/09/2013,383.95,Electronics,64,Houston,70782
2838,15/06/2013,11.87,Toys,56,Los Angeles,87360
8266,21/09/2013,38.96,Books,67,New York,56015
4104,03/08/2013,270.92,Clothing,75,Houston,60617
1769,08/01/2013,228.44,Clothing,23,Phoenix,43302
7665,19/12/2013,465.51,Furniture,77,Houston,27400
7619,24/01/2013,303.08,Electronics,56,New York,37959
7235,26/03/2013,173.45,Electronics,76,New York,49886
8041,31/05/2013,228.71,Books,84,Chicago,16937
6919,09/04/2013,381.75,Toys,65,Los Angeles,49563
6855,20/07/2013,75.56,Books,5,Chicago,36870
7801,14/07/2013,89.19,Toys,57,Los Angeles,97182
1922,01/11/2013,90.97,Electronics,86,New York,93021
8409,02/05/2013,495.95,Clothing,14,Chicago,51950
7288,14/06/2013,135.78,Toys,86,New York,31876
6056,07/12/2013,21.22,Toys,48,Los Angeles,30056
9967,25/07/2013,487.67,Furniture,31,New York,42427
5218,11/05/2013,41.66,Books,71,Phoenix,48367
3967,22/11/2013,442.25,Furniture,81,Chicago,56900
6536,06/09/2013,205.43,Furniture,6,Houston,63026
6567,06/03/2013,96.81,Toys,68,Chicago,38716
6373,20/04/2013,393.37,Clothing,22,New York,98578
5300,15/04/2013,50.28,Clothing,56,Houston,55124
1202,18/10/2013,107.44,Furniture,64,Phoenix,25792
6881,02/04/2013,351.86,Toys,25,Phoenix,64857
8790,04/05/2013,158.2,Books,25,Chicago,51269
3551,08/02/2013,43.02,Books,17,Chicago,86208
2990,04/10/2013,12.78,Furniture,12,New York,87511
7254,16/08/2013,177,Toys,73,Phoenix,45294
5249,25/02/2013,346.1,Books,81,Los Angeles,44775
4600,28/12/2013,31.64,Furniture,7,Chicago,46713
2296,11/10/2013,11.03,Clothing,31,Phoenix,41331
2693,08/09/2013,312.08,Toys,12,Phoenix,49041
2214,10/08/2013,163.45,Books,64,Los Angeles,93788
7293,03/03/2013,71.11,Clothing,56,New York,76275
6051,19/11/2013,411.17,Toys,62,Houston,77691
7655,23/02/2013,425.54,Books,44,Chicago,60017
7168,30/04/2013,402.17,Clothing,49,New York,61962
8400,27/04/2013,27.43,Books,8,Chicago,55254
9958,17/08/2013,30.89,Toys,4,Chicago,28100
9914,16/06/2013,128.69,Clothing,52,Los Angeles,66920
3558,08/03/2013,301.92,Clothing,1,New York,34700
1635,28/11/2013,248.43,Toys,20,Los Angeles,82534
8730,01/11/2013,396.69,Electronics,64,Los Angeles,89369
5033,05/12/2013,490.25,Electronics,6,Los Angeles,43085
3491,15/08/2013,77.53,Electronics,89,Los Angeles,33331
4974,13/01/2013,86.63,Electronics,89,Houston,62409
6348,05/03/2013,490.09,Books,17,Houston,56762
9162,14/10/2013,92.01,Furniture,99,New York,29867
2959,17/07/2013,134,Clothing,28,New York,19344
8939,14/01/2013,356.77,Books,87,New York,13317
9392,08/04/2013,340.41,Books,35,Houston,30977
9053,04/12/2013,112.78,Electronics,37,Houston,96322
9529,22/03/2013,433.7,Electronics,18,Houston,65565
5809,27/07/2013,212.25,Toys,34,Houston,97508
1980,20/10/2013,36.39,Clothing,56,Houston,88015
8546,10/06/2013,163.47,Furniture,23,New York,68502
8668,23/04/2013,313.65,Furniture,85,Houston,91731
4763,10/03/2013,95.14,Furniture,14,Houston,45853
8208,12/08/2013,177.42,Electronics,48,Houston,65421
5621,28/10/2013,410.92,Clothing,8,Los Angeles,24390
2122,21/08/2013,415.66,Books,36,Houston,44695
7287,01/11/2013,129.3,Toys,46,Chicago,48762
8339,29/09/2013,16.23,Furniture,20,Chicago,30659
3200,18/04/2013,50.48,Clothing,59,Chicago,31209
8860,28/09/2013,399.05,Clothing,15,Los Angeles,31672
3790,07/08/2013,69.66,Clothing,85,Houston,92263
4507,15/03/2013,268.34,Furniture,48,Houston,73288
6541,16/11/2013,55.77,Furniture,78,Chicago,63910
8984,20/08/2013,302.03,Toys,31,Chicago,89026
1255,13/04/2013,62.11,Electronics,9,Phoenix,10835
2678,15/02/2013,439.29,Toys,66,Houston,85069
1863,14/05/2013,336.49,Furniture,69,Los Angeles,71868
3782,08/09/2013,424.99,Electronics,13,Los Angeles,81558
2887,25/09/2013,124.75,Books,76,Chicago,89693
6675,20/01/2013,197.44,Electronics,60,Chicago,71078
4687,27/11/2013,270.81,Clothing,67,Phoenix,16130
1827,08/10/2013,250.79,Clothing,78,Chicago,90674
2664,06/02/2013,193,Books,60,Los Angeles,51337
5642,02/09/2013,464.88,Furniture,71,Chicago,11996
1775,05/02/2013,481.22,Books,8,Chicago,35279
8027,15/04/2013,438.39,Clothing,63,Houston,30116
7546,14/11/2013,75.24,Clothing,43,Phoenix,56854
4335,23/05/2013,26.5,Furniture,20,Chicago,83181
3560,22/05/2013,486.29,Clothing,30,Houston,66523
7506,27/09/2013,31.98,Electronics,13,Houston,67716
5893,15/08/2013,194.24,Electronics,29,Houston,42355
3504,12/06/2013,72.71,Furniture,77,Phoenix,43313
4579,20/01/2013,435.59,Clothing,64,New York,92800
1154,18/07/2013,292.81,Books,95,New York,10363
4124,26/09/2013,334.89,Books,48,Chicago,33004
5757,10/01/2013,61.16,Clothing,36,Phoenix,65711
2998,24/02/2013,320.26,Furniture,42,Houston,43324
7374,09/07/2013,301.2,Electronics,19,Los Angeles,27272
1005,08/09/2013,51.35,Books,20,Los Angeles,59570
4943,02/01/2013,210.64,Furniture,22,Houston,18997
8987,17/05/2013,120.46,Furniture,32,Los Angeles,37302
2792,05/06/2013,498.1,Electronics,64,Phoenix,22467
8526,23/04/2013,93.63,Furniture,59,Phoenix,92844
5360,12/10/2013,278.93,Books,82,Phoenix,21211
7905,31/10/2013,427.84,Clothing,63,Los Angeles,56825
7600,03/01/2013,18.82,Electronics,50,New York,22126
3950,16/09/2013,347.06,Furniture,10,Houston,12244
4385,06/09/2013,388.59,Clothing,67,Houston,97245
3026,06/06/2013,191.33,Electronics,80,Chicago,76214
6966,02/11/2013,115.87,Furniture,44,Chicago,75171
7988,21/09/2013,16.03,Electronics,59,Phoenix,91914
2687,22/12/2013,319.27,Books,98,Chicago,18646
1504,02/06/2013,411.98,Books,37,Los Angeles,58353
8140,07/01/2013,196.99,Books,26,Houston,35163
9792,07/01/2013,35.65,Furniture,23,Los Angeles,65830
5931,25/01/2013,418.81,Furniture,83,Houston,17853
5493,08/02/2013,137.75,Electronics,51,Houston,74148
2908,11/12/2013,270.23,Toys,66,Houston,48285
3180,16/12/2013,290.94,Electronics,67,Houston,76917
1125,24/06/2013,29.87,Furniture,6,Houston,41556
3712,19/01/2013,25.16,Books,73,Phoenix,24457
6232,08/11/2013,331.3,Clothing,75,New York,42924
2184,14/03/2013,141.97,Books,64,Chicago,10534
9415,13/11/2013,115.61,Clothing,73,Chicago,41099
5468,28/06/2013,163.89,Electronics,32,New York,18417
7882,14/09/2013,338.76,Books,35,Houston,84231
2184,24/11/2013,175.24,Toys,67,Chicago,19196
4242,05/03/2013,146.1,Furniture,74,Los Angeles,49895
5780,05/01/2013,273.96,Books,24,Phoenix,31584
2045,19/06/2013,460.95,Toys,20,Los Angeles,16447
7941,28/02/2013,171.9,Furniture,87,Chicago,72580
7320,09/01/2013,443.37,Toys,63,Houston,13880
5282,26/11/2013,407.24,Furniture,50,Chicago,29810
8858,14/10/2013,414.35,Electronics,80,New York,14136
3000,25/03/2013,92.85,Clothing,35,New York,16997
7970,14/03/2013,210.07,Electronics,10,Chicago,81116
5389,18/04/2013,191.99,Furniture,65,Houston,73456
2686,29/11/2013,61.91,Electronics,26,Los Angeles,34054
8561,13/02/2013,334.71,Clothing,23,Houston,81206
7937,10/02/2013,240.17,Toys,89,Chicago,20725
1638,11/12/2013,224.88,Books,21,Houston,57340
1760,07/03/2013,90.76,Electronics,59,New York,53827
2759,01/06/2013,435.78,Clothing,16,Chicago,60341
5312,28/09/2013,184.77,Books,62,New York,80247
3079,21/07/2013,244.35,Furniture,37,Chicago,95326
8099,22/04/2013,53.5,Books,28,Phoenix,86396
8783,30/10/2013,379.76,Toys,94,Los Angeles,99080
2291,05/02/2013,398.13,Electronics,61,Houston,64675
7943,18/03/2013,242.26,Furniture,23,Los Angeles,67190
6172,05/08/2013,343.68,Toys,89,Phoenix,90409
7420,12/09/2013,305.58,Furniture,38,New York,49725
7172,12/06/2013,204.72,Clothing,97,Phoenix,61660
4152,07/07/2013,379.87,Books,37,Los Angeles,89737
4432,01/06/2013,22,Books,80,New York,70102
3708,20/09/2013,465.34,Books,6,Los Angeles,71030
9702,12/01/2013,101.49,Electronics,72,Chicago,43757
9070,20/09/2013,108.32,Clothing,27,Chicago,47122
8192,27/02/2013,235.48,Electronics,85,Phoenix,69935
1190,26/05/2013,98.49,Clothing,40,New York,59294
4644,25/03/2013,34.25,Clothing,1,Houston,81260
1419,12/08/2013,295.66,Toys,70,Los Angeles,30805
2154,25/06/2013,236.35,Toys,90,Houston,62344
1189,21/09/2013,312.41,Furniture,28,Phoenix,53880
9609,21/06/2013,54.01,Electronics,79,Los Angeles,85645
8543,26/12/2013,164.44,Clothing,4,Phoenix,31341
9577,25/03/2013,495.37,Books,59,New York,15666
6949,07/02/2013,375.5,Clothing,63,Houston,87909
2648,23/03/2013,394.08,Books,55,Houston,75603
6393,07/11/2013,103.26,Toys,96,New York,80934
5380,28/09/2013,353.02,Toys,81,Chicago,53454
1559,24/04/2013,40.65,Clothing,16,Chicago,19111
5171,24/06/2013,397.93,Electronics,2,Phoenix,21221
3713,01/05/2013,205.56,Furniture,85,Chicago,53539
3136,02/09/2013,193.65,Books,93,New York,96923
4900,28/08/2013,29.49,Toys,73,Los Angeles,23382
7941,11/07/2013,463.56,Clothing,98,Houston,46931
8098,12/01/2013,478.55,Toys,59,New York,30085
6984,08/04/2013,277.24,Electronics,18,Phoenix,55641
5018,09/05/2013,92.49,Clothing,11,New York,12042
8056,23/12/2013,280.73,Books,99,New York,71465
1966,19/06/2013,147.36,Books,69,Phoenix,97985
4530,16/10/2013,294.31,Toys,71,Houston,81846
8102,28/05/2013,453.63,Clothing,82,Houston,78447
6588,05/05/2013,364.34,Electronics,8,Houston,78321
4696,03/12/2013,246,Clothing,82,Chicago,73752
3443,02/12/2013,55.9,Electronics,58,Phoenix,56562
4304,03/09/2013,118.19,Electronics,25,Phoenix,61272
5208,28/10/2013,120.88,Toys,70,Phoenix,78475
7645,14/08/2013,140.42,Books,21,Chicago,36756
5632,23/07/2013,437.08,Books,69,Chicago,97505
6977,28/12/2013,450.15,Toys,79,Chicago,55156
5499,24/11/2013,495.88,Furniture,30,Chicago,92643
7238,22/10/2013,228.17,Toys,60,Phoenix,40373
2028,10/02/2013,479.09,Toys,38,New York,91685
5107,07/06/2013,31.85,Books,3,Chicago,47265
8723,09/06/2013,16.57,Clothing,99,Los Angeles,33548
2976,05/03/2013,432.81,Furniture,13,Houston,72013
2581,16/10/2013,405.04,Furniture,88,New York,50870
4735,25/07/2013,416.22,Toys,19,New York,68655
4472,04/01/2013,371.41,Furniture,72,Phoenix,33956
9755,08/04/2013,257.99,Furniture,83,Houston,25479
2021,11/01/2013,10.61,Clothing,96,Los Angeles,13225
2495,01/06/2013,124,Books,38,Houston,11552
9527,14/02/2013,245.64,Electronics,94,New York,51139
5212,08/06/2013,325.79,Furniture,76,Houston,17435
5736,25/09/2013,199.31,Clothing,13,Chicago,94431
8002,11/05/2013,176.8,Clothing,68,Chicago,67889
3898,14/03/2013,203.76,Books,45,Phoenix,89872
7371,26/07/2013,279.3,Electronics,26,Chicago,62611
6578,15/10/2013,302.55,Furniture,50,Los Angeles,42016
5234,09/05/2013,445.93,Clothing,40,Chicago,81387
9838,11/08/2013,233.86,Electronics,4,Los Angeles,86896
7806,06/02/2013,365.33,Clothing,24,Phoenix,37829
5673,30/07/2013,120.91,Clothing,25,Houston,89315
9050,07/11/2013,65.84,Clothing,95,Los Angeles,57894
8806,02/06/2013,55.94,Electronics,4,Houston,95643
9152,21/09/2013,155.4,Toys,61,Los Angeles,92234
4719,10/02/2013,411.44,Toys,60,Los Angeles,84499
5178,10/11/2013,403.15,Furniture,87,New York,93767
6122,14/10/2013,441.13,Electronics,47,Phoenix,37307
8863,09/08/2013,358.33,Toys,97,Phoenix,38481
1225,06/04/2013,56.56,Electronics,94,Chicago,17489
2633,23/07/2013,405.62,Books,5,Phoenix,25823
3733,29/10/2013,212.57,Clothing,36,Houston,96437
6387,14/02/2013,120.36,Books,62,Phoenix,33777
8994,21/04/2013,122.16,Toys,84,Phoenix,88929
